{"cameraMode":{"drawMode":0,"name":"Shaded","section":"Shading Mode"},"sceneLighting":true,"audioPlay":false,"sceneViewState":{"m_AlwaysRefresh":false,"showFog":true,"showSkybox":true,"showFlares":true,"showImageEffects":true,"showParticleSystems":true,"showVisualEffectGraphs":true,"m_FxEnabled":true},"in2DMode":false,"pivot":{"x":-0.4376203715801239,"y":1.6305253505706788,"z":89.93772888183594},"rotation":{"x":0.00418992480263114,"y":0.017096199095249177,"z":0.0000715710993972607,"w":-0.9998469948768616},"size":8.286709785461426,"orthographic":false}